"player's name","total points","total rebounds","assists","steals","blocks","turnovers","games played","salary","missed field goals","missed free throws","efficiency index"
"Al Horford",15.2317073170732,7.26829268292683,3.20731707317073,0.829268292682927,1.47560975609756,-1.30487804878049,82,1.2e+07,-6.32926829268293,-0.317073170731707,14.1095458012545
"Mike Muscala",3.25,1.95,0.566666666666667,0.216666666666667,0.45,-0.45,60,947276,-1.26666666666667,-0.133333333333333,3.19165828075484
"Tiago Splitter",5.58333333333333,3.33333333333333,0.833333333333333,0.555555555555556,0.333333333333333,-0.666666666666667,36,8500000,-2.05555555555556,-0.25,5.48559015439514
"Walter Tavares",2.27272727272727,1.90909090909091,0.272727272727273,0.0909090909090909,0.545454545454545,-0.454545454545455,11,1e+06,-0.727272727272727,-0.454545454545455,2.48140942751779
"Kelly Olynyk",9.95652173913044,4.07246376811594,1.52173913043478,0.753623188405797,0.478260869565217,-1.07246376811594,69,2165160,-4.39130434782609,-0.463768115942029,8.71802778934176
"Tyler Zeller",6.06666666666667,2.96666666666667,0.483333333333333,0.166666666666667,0.366666666666667,-0.766666666666667,60,2616975,-2.53333333333333,-0.333333333333333,5.50625940821153
"Andrea Bargnani",6.60869565217391,2.10869565217391,0.391304347826087,0.0869565217391304,0.195652173913043,-0.565217391304348,46,1362900,-3.30434782608696,-0.217391304347826,5.33620573857481
"Brook Lopez",20.5616438356164,7.84931506849315,2.01369863013699,0.794520547945205,1.6986301369863,-2.3972602739726,73,2e+07,-7.75342465753425,-1.17808219178082,18.0234503340993
"Henry Sims",6.5,5.14285714285714,0.642857142857143,0.642857142857143,1,-0.857142857142857,14,161622,-3.14285714285714,-0.357142857142857,6.71582762500249
"Cameron Bairstow",1.88888888888889,1.55555555555556,0.333333333333333,0.111111111111111,0.166666666666667,-0.222222222222222,18,845059,-1.5,-0.0555555555555556,1.80888217426032
"Cristiano Felicio",3.38709677419355,3.29032258064516,0.838709677419355,0.193548387096774,0.419354838709677,-0.419354838709677,31,525090,-1.03225806451613,-0.32258064516129,3.98696596675554
"Joakim Noah",4.27586206896552,8.79310344827586,3.79310344827586,0.620689655172414,1,-1.79310344827586,29,13400000,-2.82758620689655,-0.793103448275862,6.80557665724679
"Pau Gasol",16.4861111111111,11.0138888888889,4.08333333333333,0.583333333333333,2.02777777777778,-2.27777777777778,72,7448760,-7.33333333333333,-0.833333333333333,16.4830906046089
"Al Jefferson",11.9574468085106,6.40425531914894,1.48936170212766,0.638297872340426,0.872340425531915,-0.723404255319149,47,13833333,-5.53191489361702,-0.829787234042553,11.0753145496746
"Cody Zeller",8.73972602739726,6.23287671232877,0.972602739726027,0.780821917808219,0.863013698630137,-0.931506849315068,73,4204200,-2.82191780821918,-0.780821917808219,9.12666978359392
"Frank Kaminsky",7.48148148148148,4.1358024691358,1.20987654320988,0.469135802469136,0.530864197530864,-0.716049382716049,81,2612500,-3.82716049382716,-0.493827160493827,6.88107239806023
"Channing Frye",7.53846153846154,3.57692307692308,1,0.307692307692308,0.307692307692308,-0.5,26,7807579,-3.46153846153846,-0.115384615384615,6.79995005999444
"Sasha Kaun",0.92,1.04,0.12,0.16,0.2,-0.28,25,1300000,-0.32,-0.24,1.10688129435326
"Timofey Mozgov",6.25,4.43421052631579,0.434210526315789,0.289473684210526,0.75,-0.934210526315789,76,4950000,-2.05263157894737,-0.355263157894737,6.46834305266008
"JaVale McGee",5.05882352941176,3.91176470588235,0.0882352941176471,0.147058823529412,0.764705882352941,-0.617647058823529,34,1270964,-1.67647058823529,-0.529411764705882,5.34929926722474
"Salah Mejri",3.67647058823529,3.61764705882353,0.294117647058824,0.235294117647059,1.05882352941176,-0.676470588235294,34,525093,-0.852941176470588,-0.558823529411765,4.37134190906407
"Zaza Pachulia",8.55263157894737,9.44736842105263,1.68421052631579,0.842105263157895,0.289473684210526,-1.56578947368421,76,5200000,-3.30263157894737,-0.842105263157895,10.232437046907
"J.J. Hickson",6.85,4.35,0.8,0.5,0.6,-0.8,20,5613500,-2.7,-1.6,6.66893494211248
"Joffrey Lauvergne",7.88135593220339,4.91525423728814,0.949152542372881,0.220338983050847,0.254237288135593,-0.915254237288136,59,1709720,-3.13559322033898,-0.11864406779661,7.72718621255531
"Jusuf Nurkic",8.21875,5.46875,1.25,0.75,1.375,-1.71875,32,1842000,-4.40625,-1.1875,7.82157777689493
"Nikola Jokic",9.95,7,2.3625,0.9875,0.625,-1.3,80,1300000,-3.6625,-0.45,10.3281177146664
"Andre Drummond",16.2222222222222,14.7901234567901,0.827160493827161,1.46913580246914,1.38271604938272,-1.91358024691358,81,3272091,-6.27160493827161,-4.66666666666667,17.6674558070187
"Aron Baynes",6.34567901234568,4.74074074074074,0.62962962962963,0.259259259259259,0.641975308641975,-0.827160493827161,81,6500000,-2.34567901234568,-0.481481481481481,6.60503528987455
"Joel Anthony",0.947368421052632,1.10526315789474,0.0526315789473684,0.105263157894737,0.631578947368421,-0.105263157894737,19,2500000,-0.210526315789474,-0.105263157894737,1.24008862741466
"Anderson Varejao",2.63636363636364,2.27272727272727,0.681818181818182,0.227272727272727,0.227272727272727,-0.272727272727273,22,458575,-1.22727272727273,-0.590909090909091,2.82070197009788
"Andrew Bogut",5.35714285714286,7.02857142857143,2.31428571428571,0.471428571428571,1.62857142857143,-1.18571428571429,70,1.2e+07,-1.48571428571429,-0.371428571428571,7.2974953923351
"Festus Ezeli",6.95652173913043,5.58695652173913,0.695652173913043,0.391304347826087,1.08695652173913,-0.826086956521739,46,2008748,-2.23913043478261,-1.34782608695652,7.48711967533655
"Jason Thompson",2.14285714285714,1.92857142857143,0.678571428571429,0.142857142857143,0.285714285714286,-0.25,28,6431250,-0.785714285714286,-0.428571428571429,2.41289817177794
"Marreese Speights",7.11111111111111,3.31944444444444,0.847222222222222,0.263888888888889,0.472222222222222,-0.916666666666667,72,3815000,-3.59722222222222,-0.277777777777778,6.23237544676234
"Chuck Hayes",2,4,1,0,0,-1.5,2,83583,-0.5,0,3.23134531788705
"Clint Capela",7.03896103896104,6.41558441558442,0.61038961038961,0.766233766233766,1.19480519480519,-0.779220779220779,77,1242720,-2.15584415584416,-1.7012987012987,7.94044737007564
"Dwight Howard",13.7464788732394,11.7605633802817,1.38028169014085,0.971830985915493,1.59154929577465,-2.33802816901408,71,22359364,-3.2112676056338,-3.40845070422535,15.3302961697917
"Ian Mahinmi",9.29577464788732,7.14084507042254,1.46478873239437,0.915492957746479,1.05633802816901,-1.40845070422535,71,4e+06,-2.59154929577465,-1.30985915492958,10.0367732382589
"Jordan Hill",8.83561643835616,6.17808219178082,1.19178082191781,0.493150684931507,0.506849315068493,-1.26027397260274,73,4e+06,-3.71232876712329,-0.493150684931507,8.8860413213501
"Myles Turner",10.3166666666667,5.53333333333333,0.683333333333333,0.416666666666667,1.43333333333333,-1.11666666666667,60,2357760,-4.43333333333333,-0.55,9.60907736470146
"Cole Aldrich",5.46666666666667,4.8,0.833333333333333,0.783333333333333,1.13333333333333,-1.06666666666667,60,1100600,-1.51666666666667,-0.4,6.22267028573999
"DeAndre Jordan",12.7272727272727,13.7532467532468,1.16883116883117,0.662337662337662,2.2987012987013,-1.38961038961039,77,19500000,-1.96103896103896,-4.58441558441558,15.7760534096692
"Jeff Ayres",1.76470588235294,1.29411764705882,0.294117647058824,0,0.176470588235294,-0.352941176470588,17,317232,-0.647058823529412,0,1.83550810754288
"Robert Sacre",3.48,2.88,0.56,0.16,0.4,-0.48,25,981348,-1.76,-0.52,3.60377515711853
"Roy Hibbert",5.93827160493827,4.91358024691358,1.17283950617284,0.395061728395062,1.35802469135802,-0.938271604938272,81,15500000,-2.82716049382716,-0.345679012345679,6.30835017560482
"Tarik Black",3.41025641025641,4.02564102564103,0.41025641025641,0.358974358974359,0.461538461538462,-0.564102564102564,39,845059,-1.20512820512821,-0.666666666666667,4.20632438254773
"Chris Andersen",4.6,4.45,0.45,0.7,0.5,-0.35,20,5e+06,-1.4,-0.5,5.36818724394635
"Marc Gasol",16.5576923076923,6.96153846153846,3.76923076923077,0.961538461538462,1.34615384615385,-2.26923076923077,52,19700000,-7.28846153846154,-0.807692307692308,14.6844705877587
"Ryan Hollins",3.625,2.71875,0.3125,0.1875,0.625,-0.65625,32,593056,-0.84375,-0.5,3.90753121826761
"Amar'e Stoudemire",5.76923076923077,4.26923076923077,0.519230769230769,0.346153846153846,0.788461538461538,-0.903846153846154,52,1499187,-1.84615384615385,-0.326923076923077,6.08198712248238
"Hassan Whiteside",14.2465753424658,11.8493150684932,0.410958904109589,0.602739726027397,3.68493150684932,-1.87671232876712,73,981348,-3.68493150684932,-1.57534246575342,15.8606368311009
"Greg Monroe",15.3164556962025,8.81012658227848,2.25316455696203,0.911392405063291,0.848101265822785,-1.63291139240506,79,16400000,-5.69620253164557,-1.0126582278481,14.8398830212565
"John Henson",6.96491228070175,3.87719298245614,0.947368421052632,0.315789473684211,1.91228070175439,-1.12280701754386,57,2943221,-2.2280701754386,-0.842105263157895,6.82257448402374
"Miles Plumlee",5.14754098360656,3.80327868852459,0.262295081967213,0.344262295081967,0.819672131147541,-0.655737704918033,61,2109294,-1.52459016393443,-0.409836065573771,5.45556350282518
"Gorgui Dieng",10.0853658536585,7.13414634146341,1.74390243902439,1.14634146341463,1.17073170731707,-1.70731707317073,82,1474440,-3.30487804878049,-0.524390243902439,10.5445122322477
"Karl-Anthony Towns",18.3292682926829,10.4512195121951,1.96341463414634,0.707317073170732,1.68292682926829,-2.23170731707317,82,5703600,-6.4390243902439,-0.634146341463415,17.8104673409843
"Nikola Pekovic",4.5,1.75,0.916666666666667,0.0833333333333333,0,-0.75,12,12100000,-2.58333333333333,-0.333333333333333,3.67775338660937
"Alexis Ajinca",5.96610169491525,4.55932203389831,0.525423728813559,0.322033898305085,0.610169491525424,-0.915254237288136,59,4300000,-2.79661016949153,-0.169491525423729,6.0817571683389
"Kendrick Perkins",2.45945945945946,3.45945945945946,0.837837837837838,0.297297297297297,0.297297297297297,-1.10810810810811,37,1499200,-0.945945945945946,-0.378378378378378,3.25239857093005
"Omer Asik",3.95588235294118,6.08823529411765,0.382352941176471,0.308823529411765,0.338235294117647,-0.882352941176471,68,1.1e+07,-1.33823529411765,-0.75,5.48520150307305
"Kevin Seraphin",3.89583333333333,2.625,0.979166666666667,0.166666666666667,0.75,-0.895833333333333,48,2800000,-2.52083333333333,-0.0833333333333333,3.65896766170738
"Robin Lopez",10.2682926829268,7.34146341463415,1.39024390243902,0.195121951219512,1.57317073170732,-1.6219512195122,82,1.3e+07,-3.71951219512195,-0.402439024390244,10.6307996584959
"Enes Kanter",12.6585365853659,8.09756097560976,0.402439024390244,0.317073170731707,0.402439024390244,-1.40243902439024,82,16400000,-3.71951219512195,-0.621951219512195,12.7624480650866
"Nazr Mohammed",1.6,0.8,0,0,0,-0.6,5,352750,-0.4,0,1.48998571346877
"Steven Adams",7.95,6.6625,0.775,0.525,1.1125,-1.05,80,2279040,-2.0625,-1.025,8.85807565167231
"Dewayne Dedmon",4.39655172413793,3.93103448275862,0.224137931034483,0.379310344827586,0.793103448275862,-0.551724137931034,58,947278,-1.3448275862069,-0.327586206896552,4.96443643847897
"Jason Smith",7.18421052631579,2.88157894736842,0.815789473684211,0.434210526315789,0.855263157894737,-0.75,76,4300000,-3.40789473684211,-0.171052631578947,6.20905327738341
"Nikola Vucevic",18.1692307692308,8.86153846153846,2.75384615384615,0.815384615384615,1.07692307692308,-1.89230769230769,65,11250000,-7.89230769230769,-0.569230769230769,16.6034967378373
"Elton Brand",4.11764705882353,3.70588235294118,1.05882352941176,0.529411764705882,0.470588235294118,-0.647058823529412,17,890693,-2.41176470588235,-0.0588235294117647,4.38868646139047
"Jahlil Okafor",17.5094339622642,7.0377358490566,1.22641509433962,0.415094339622642,1.15094339622642,-2.33962264150943,53,4582680,-7.24528301886792,-1.15094339622642,15.188761699976
"Nerlens Noel",11.1492537313433,8.08955223880597,1.82089552238806,1.76119402985075,1.49253731343284,-2.35820895522388,67,3457800,-4.19402985074627,-1.38805970149254,11.4918582574924
"Alex Len",9.01282051282051,7.61538461538461,1.24358974358974,0.487179487179487,0.794871794871795,-1.85897435897436,78,3807120,-4.61538461538461,-0.833333333333333,9.3352789290953
"Tyson Chandler",7.15151515151515,8.72727272727273,0.96969696969697,0.545454545454545,0.666666666666667,-1.40909090909091,66,1.3e+07,-1.98484848484848,-0.984848484848485,9.10947918085088
"Chris Kaman",2.75,1.5,0.6875,0.0625,0.0625,-0.5,16,5e+06,-1.4375,0,2.51369387542161
"Mason Plumlee",9.13414634146342,7.65853658536585,2.75609756097561,0.829268292682927,1.03658536585366,-1.8780487804878,82,1415520,-3.04878048780488,-1.46341463414634,10.0606552083379
"DeMarcus Cousins",26.8923076923077,11.4923076923077,3.29230769230769,1.55384615384615,1.41538461538462,-3.83076923076923,65,14728844,-11.2461538461538,-2.87692307692308,23.6366176796697
"Kosta Koufos",6.78205128205128,5.42307692307692,0.423076923076923,0.512820512820513,0.897435897435897,-0.615384615384615,78,7500000,-2.66666666666667,-0.602564102564103,7.18755309523575
"Willie Cauley-Stein",7.01515151515152,5.33333333333333,0.560606060606061,0.727272727272727,1,-0.696969696969697,66,3398280,-2.24242424242424,-0.666666666666667,7.48487726286284
"Boban Marjanovic",5.5,3.59259259259259,0.388888888888889,0.222222222222222,0.425925925925926,-0.537037037037037,54,1200000,-1.27777777777778,-0.5,5.71146844646631
"Matt Bonner",2.53333333333333,0.9,0.3,0.2,0.0333333333333333,-0.1,30,1499187,-0.933333333333333,-0.0333333333333333,2.22332272593741
"Tim Duncan",8.55737704918033,7.32786885245902,2.67213114754098,0.770491803278688,1.27868852459016,-1.47540983606557,61,5e+06,-3.70491803278689,-0.639344262295082,9.3514849656799
"Bismack Biyombo",5.53658536585366,7.98780487804878,0.353658536585366,0.231707317073171,1.6219512195122,-0.865853658536585,82,3e+06,-1.60975609756098,-1.02439024390244,7.60719627635232
"Jonas Valanciunas",12.8,9.11666666666667,0.7,0.416666666666667,1.33333333333333,-1.41666666666667,60,4660482,-3.88333333333333,-0.85,13.3596363406196
"Lucas Nogueira",2.24137931034483,1.58620689655172,0.241379310344828,0.413793103448276,0.413793103448276,-0.379310344827586,29,1842000,-0.551724137931034,-0.241379310344828,2.39167317621245
"Jeff Withey",4.25490196078431,3.3921568627451,0.392156862745098,0.411764705882353,1.03921568627451,-0.549019607843137,51,947276,-1.47058823529412,-0.313725490196078,4.60439983547988
"Rudy Gobert",9.13114754098361,10.9508196721311,1.49180327868852,0.737704918032787,2.21311475409836,-1.86885245901639,61,1175880,-2.55737704918033,-2,11.5869240999458
"Tibor Pleiss",2,1.25,0.166666666666667,0.0833333333333333,0.166666666666667,-0.666666666666667,12,3e+06,-1.16666666666667,0,1.80923056686071
"Marcin Gortat",13.4933333333333,9.88,1.41333333333333,0.626666666666667,1.28,-1.61333333333333,75,11217391,-4.41333333333333,-0.813333333333333,14.1677274978161
"Kris Humphries",6.38095238095238,3.38095238095238,0.619047619047619,0.476190476190476,0.333333333333333,-0.666666666666667,21,388025,-2.57142857142857,-0.619047619047619,5.77981147668517
"Mike Scott",6.18666666666667,2.74666666666667,1.04,0.333333333333333,0.226666666666667,-0.56,75,3333333,-2.66666666666667,-0.173333333333333,5.41387553472654
"Paul Millsap",17.0987654320988,9.03703703703704,3.2716049382716,1.81481481481481,1.71604938271605,-2.35802469135802,81,1.9e+07,-6.97530864197531,-1.22222222222222,15.6663378589008
"Amir Johnson",7.30379746835443,6.39240506329114,1.74683544303797,0.658227848101266,1.05063291139241,-1.18987341772152,79,1.2e+07,-2.24050632911392,-0.658227848101266,7.90620934300958
"David Lee",7.13333333333333,4.33333333333333,1.8,0.4,0.433333333333333,-1.26666666666667,30,15493680,-3.5,-0.366666666666667,6.54344518504943
"Jared Sullinger",10.2962962962963,8.30864197530864,2.30864197530864,0.925925925925926,0.580246913580247,-1.25925925925926,81,2269260,-5.61728395061728,-0.716049382716049,10.0152372893233
"Jonas Jerebko",4.35897435897436,3.69230769230769,0.794871794871795,0.256410256410256,0.307692307692308,-0.666666666666667,78,5e+06,-2.15384615384615,-0.217948717948718,4.35018633240509
"Jordan Mickey",1.3125,0.8125,0.0625,0,0.6875,-0.0625,16,1200000,-0.875,-0.3125,1.12306632687689
"Chris McCullough",4.66666666666667,2.83333333333333,0.375,1.16666666666667,0.5,-0.625,24,1140240,-2.70833333333333,-0.5,4.09210817908104
"Thaddeus Young",15.0958904109589,9.04109589041096,1.84931506849315,1.53424657534247,0.506849315068493,-1.86301369863014,73,11200000,-6.41095890410959,-0.794520547945205,13.99328835496
"Thomas Robinson",4.32394366197183,5.05633802816901,0.647887323943662,0.549295774647887,0.507042253521127,-0.971830985915493,71,981300,-2.26760563380282,-0.873239436619718,4.73443905765444
"Willie Reed",4.66666666666667,3.12820512820513,0.256410256410256,0.153846153846154,0.769230769230769,-0.41025641025641,39,947276,-1.46153846153846,-0.641025641025641,4.60250159329507
"Bobby Portis",7.03225806451613,5.43548387096774,0.838709677419355,0.403225806451613,0.354838709677419,-0.870967741935484,62,1391160,-4.03225806451613,-0.290322580645161,6.59250003798252
"Nikola Mirotic",11.7727272727273,5.48484848484848,1.51515151515152,0.878787878787879,0.696969696969697,-1.54545454545455,66,5543725,-5.46969696969697,-0.53030303030303,10.1792359691187
"Taj Gibson",8.58904109589041,6.9041095890411,1.45205479452055,0.643835616438356,1.05479452054795,-1.06849315068493,73,8500000,-3.24657534246575,-0.616438356164384,8.80753002501875
"Marvin Williams",11.7037037037037,6.4320987654321,1.35802469135802,0.716049382716049,0.950617283950617,-0.765432098765432,81,7e+06,-5.04938271604938,-0.296296296296296,10.6693499156661
"Spencer Hawes",5.96491228070175,4.28070175438596,1.91228070175439,0.385964912280702,0.473684210526316,-1.01754385964912,57,5543725,-3.19298245614035,-0.192982456140351,5.68102022634995
"Tyler Hansbrough",2.36363636363636,2.02272727272727,0.181818181818182,0.272727272727273,0.159090909090909,-0.272727272727273,44,1185784,-0.886363636363636,-0.613636363636364,2.42964854197124
"Kevin Love",16.025974025974,9.8961038961039,2.41558441558442,0.753246753246753,0.532467532467532,-1.84415584415584,77,19500000,-7.37662337662338,-0.727272727272727,14.7965531038445
"Tristan Thompson",7.84146341463415,9,0.75609756097561,0.463414634146341,0.621951219512195,-0.74390243902439,82,14260870,-2.10975609756098,-1.13414634146341,9.2374280837876
"Charlie Villanueva",5.14516129032258,2.45161290322581,0.387096774193548,0.290322580645161,0.241935483870968,-0.5,62,1499187,-3.25806451612903,-0.032258064516129,4.14769097147731
"Dirk Nowitzki",18.2933333333333,6.52,1.76,0.693333333333333,0.693333333333333,-1.12,75,8333334,-8.18666666666667,-0.4,15.19720170483
"Dwight Powell",5.78260869565217,3.95652173913043,0.63768115942029,0.521739130434783,0.347826086956522,-0.579710144927536,69,845059,-2.17391304347826,-0.536231884057971,5.63646876652581
"Darrell Arthur",7.52857142857143,4.18571428571429,1.37142857142857,0.757142857142857,0.685714285714286,-0.942857142857143,70,2814000,-3.82857142857143,-0.185714285714286,6.71642875364366
"Kenneth Faried",12.4626865671642,8.67164179104478,1.17910447761194,0.477611940298507,0.895522388059702,-1.35820895522388,67,11235955,-4.13432835820895,-1.28358208955224,12.3358906418205
"Anthony Tolliver",5.31944444444444,3.18055555555556,0.722222222222222,0.361111111111111,0.222222222222222,-0.388888888888889,72,3e+06,-2.83333333333333,-0.25,4.75314110423934
"Justin Harper",2.6,0.2,0,0.2,0,-0.4,5,99418,-1.2,-0.2,1.82785536539011
"Tobias Harris",16.5555555555556,6.22222222222222,2.59259259259259,0.666666666666667,0.444444444444444,-1.11111111111111,27,1.6e+07,-6.74074074074074,-0.296296296296296,14.2116406095817
"Draymond Green",13.962962962963,9.49382716049383,7.38271604938272,1.46913580246914,1.39506172839506,-3.19753086419753,81,14300000,-5.16049382716049,-1.23456790123457,14.199369590303
"James Michael McAdoo",2.85365853658537,1.41463414634146,0.414634146341463,0.24390243902439,0.195121951219512,-0.390243902439024,41,845059,-0.951219512195122,-0.560975609756098,2.62043119907971
"Kevon Looney",1.8,2,0,0,0,-0.2,5,1131960,-0.6,0,2.03240194803049
"Donatas Motiejunas",6.21621621621622,2.94594594594595,1.10810810810811,0.459459459459459,0.135135135135135,-1.18918918918919,37,2288205,-3.10810810810811,-0.513513513513513,5.30485951400033
"Josh Smith",6.56521739130435,2.91304347826087,2.08695652173913,0.695652173913043,0.565217391304348,-1.56521739130435,23,1499000,-4.82608695652174,-0.565217391304348,5.09914964272419
"Montrezl Harrell",3.58974358974359,1.66666666666667,0.435897435897436,0.282051282051282,0.282051282051282,-0.435897435897436,39,1e+06,-0.82051282051282,-0.564102564102564,3.38638884121279
"Terrence Jones",8.68,4.22,0.82,0.46,0.78,-0.98,50,2489530,-4.02,-0.78,7.54031172814579
"Lavoy Allen",5.41772151898734,5.36708860759494,0.962025316455696,0.329113924050633,0.531645569620253,-0.873417721518987,79,3700000,-2.26582278481013,-0.341772151898734,5.83234186538683
"Rakeem Christmas",4,1,0,0,0,0,1,1e+06,0,0,3.75786774386549
"Shayne Whittington",1.57142857142857,1.71428571428571,0.428571428571429,0.142857142857143,0.142857142857143,-0.714285714285714,7,845059,-0.857142857142857,-0.142857142857143,1.66046757091887
"Alex Stepheson",0.5,0.5,0,0,0.5,0,4,61776,0,-0.5,0.608819326787934
"Blake Griffin",21.4,8.4,4.85714285714286,0.8,0.485714285714286,-2.37142857142857,35,18907725,-8.62857142857143,-1.51428571428571,18.5866258081462
"Branden Dawson",0.833333333333333,0.666666666666667,0,0,0.166666666666667,0,6,525093,-0.5,0,0.782459064232693
"Luc Mbah a Moute",3.08,2.28,0.4,0.586666666666667,0.253333333333333,-0.453333333333333,75,1270964,-1.50666666666667,-0.36,2.95189818780363
"Brandon Bass",7.16666666666667,4.31818181818182,1.12121212121212,0.5,0.833333333333333,-0.636363636363636,66,3e+06,-2.16666666666667,-0.348484848484849,7.02304172200723
"Julius Randle",11.3456790123457,10.2345679012346,1.77777777777778,0.654320987654321,0.358024691358025,-1.83950617283951,81,3132240,-5.88888888888889,-0.950617283950617,11.3772890435114
"Larry Nance Jr.",5.53968253968254,4.95238095238095,0.698412698412698,0.857142857142857,0.365079365079365,-0.650793650793651,63,1155600,-2.25396825396825,-0.238095238095238,5.79374391601039
"Ryan Kelly",4.22222222222222,3.36111111111111,0.555555555555556,0.361111111111111,0.277777777777778,-0.5,36,1724250,-2.61111111111111,-0.472222222222222,3.93207559959119
"Brandan Wright",6.91666666666667,3.58333333333333,0.5,0.416666666666667,1.25,-0.833333333333333,12,5500000,-1.41666666666667,-0.916666666666667,6.70816263617629
"JaMychal Green",7.41025641025641,4.78205128205128,0.858974358974359,0.58974358974359,0.423076923076923,-1.06410256410256,78,845059,-3.3974358974359,-0.435897435897436,6.88823809831198
"Jarell Martin",5.66666666666667,3.18518518518519,0.555555555555556,0.296296296296296,0.259259259259259,-0.703703703703704,27,1230840,-2.2962962962963,-0.62962962962963,5.17739459522961
"Zach Randolph",15.2941176470588,7.77941176470588,2.08823529411765,0.632352941176471,0.191176470588235,-1.54411764705882,68,9638555,-7,-0.647058823529412,13.5026610247951
"Chris Bosh",19.0566037735849,7.35849056603774,2.41509433962264,0.679245283018868,0.641509433962264,-1.47169811320755,53,22192730,-7.71698113207547,-1.0377358490566,16.338883002283
"Josh McRoberts",3.57142857142857,2.5,1.92857142857143,0.428571428571429,0.166666666666667,-0.714285714285714,42,5543725,-2.21428571428571,-0.285714285714286,3.35405673820992
"Luol Deng",12.3108108108108,5.98648648648649,1.89189189189189,1,0.391891891891892,-1.09459459459459,74,10151612,-5.48648648648649,-0.635135135135135,10.8822492074604
"Udonis Haslem",1.59459459459459,2.02702702702703,0.378378378378378,0.135135135135135,0.0540540540540541,-0.135135135135135,37,2854940,-1.02702702702703,-0.108108108108108,1.77244507837231
"Jabari Parker",14.0789473684211,5.19736842105263,1.71052631578947,0.907894736842105,0.381578947368421,-1.52631578947368,76,5152440,-6,-0.697368421052632,11.8514198986041
"Johnny O'Bryant",3.03030303030303,2.66666666666667,0.484848484848485,0.272727272727273,0.121212121212121,-0.46969696969697,66,845059,-1.86363636363636,-0.196969696969697,2.92270113912226
"Steve Novak",2.33333333333333,0.333333333333333,0,0,0,0,3,416886,-1.33333333333333,0,1.63454652595604
"Adreian Payne",2.53846153846154,2.13461538461538,0.557692307692308,0.307692307692308,0.211538461538462,-0.692307692307692,52,1938840,-1.76923076923077,-0.173076923076923,2.3409167351014
"Greg Smith",2.38888888888889,2.33333333333333,0.333333333333333,0.222222222222222,0.0555555555555556,-0.388888888888889,18,247623,-0.777777777777778,-0.555555555555556,2.60715679178792
"Kevin Garnett",3.21052631578947,3.94736842105263,1.63157894736842,0.736842105263158,0.263157894736842,-0.421052631578947,38,8500000,-1.60526315789474,-0.184210526315789,3.79888079784936
"Nemanja Bjelica",5.13333333333333,3.5,1.38333333333333,0.433333333333333,0.35,-0.783333333333333,60,4e+06,-2.08333333333333,-0.25,5.02922818067885
"Anthony Davis",24.2786885245902,10.2786885245902,1.90163934426229,1.27868852459016,2.04918032786885,-1.98360655737705,61,7070730,-9.44262295081967,-1.70491803278689,21.1883579290991
"Ryan Anderson",17.030303030303,6,1.10606060606061,0.575757575757576,0.378787878787879,-1.36363636363636,66,8500000,-8.06060606060606,-0.439393939393939,13.8645610389353
"Kristaps Porzingis",14.2777777777778,7.30555555555556,1.29166666666667,0.736111111111111,1.86111111111111,-1.68055555555556,72,4131720,-7.125,-0.541666666666667,12.3943644697617
"Kyle O'Quinn",4.75384615384615,3.84615384615385,1.10769230769231,0.307692307692308,0.753846153846154,-0.938461538461538,65,3750000,-2.18461538461538,-0.215384615384615,4.76612312432878
"Lance Thomas",8.20338983050847,2.22033898305085,0.898305084745763,0.372881355932203,0.11864406779661,-0.966101694915254,59,1650000,-3.61016949152542,-0.288135593220339,6.54598658295926
"Lou Amundson",1.79310344827586,1.68965517241379,0.413793103448276,0.206896551724138,0.241379310344828,-0.517241379310345,29,1650000,-1.17241379310345,-0.448275862068966,1.73859930797045
"Josh Huestis",2.8,2,0,0.2,0.4,-0.6,5,1140240,-1.4,-0.8,2.56434656855278
"Mitch McGary",1.3,0.9,0.15,0.05,0.1,-0.35,20,1463040,-0.6,-0.3,1.2070266079134
"Nick Collison",2.08474576271186,2.89830508474576,0.88135593220339,0.254237288135593,0.271186440677966,-0.847457627118644,59,3750000,-1,-0.169491525423729,2.53060288866288
"Serge Ibaka",12.6025641025641,6.83333333333333,0.846153846153846,0.487179487179487,1.8974358974359,-1.38461538461538,78,12350000,-5.80769230769231,-0.384615384615385,11.2292517524929
"Aaron Gordon",9.21794871794872,6.5,1.64102564102564,0.756410256410256,0.705128205128205,-0.846153846153846,78,4171680,-3.91025641025641,-0.82051282051282,8.98410558348074
"Andrew Nicholson",6.85714285714286,3.58928571428571,0.446428571428571,0.178571428571429,0.392857142857143,-0.732142857142857,56,2380594,-2.92857142857143,-0.25,6.11292258131425
"Ersan Ilyasova",8.09090909090909,5.5,0.545454545454545,0.636363636363636,0.272727272727273,-0.545454545454545,22,7900000,-4.04545454545455,-0.590909090909091,7.49585777074334
"Carl Landry",9.75,4.05555555555556,0.888888888888889,0.333333333333333,0.25,-0.611111111111111,36,6500000,-3.08333333333333,-0.666666666666667,8.72986178704087
"Christian Wood",3.58823529411765,2.23529411764706,0.176470588235294,0.294117647058824,0.411764705882353,-0.117647058823529,17,305789,-1.82352941176471,-0.470588235294118,3.24620542990762
"Richaun Holmes",5.62745098039216,2.64705882352941,0.647058823529412,0.372549019607843,0.784313725490196,-0.627450980392157,51,1050000,-2.11764705882353,-0.450980392156863,5.05740602174448
"Alan Williams",2.9,3.8,0.5,0.4,0.5,-0.6,10,114285,-1.4,-0.5,3.38978238729915
"Cory Jefferson",2.75,2,0,0,0.125,0,8,421449,-1.625,-0.25,2.49148079421256
"Jon Leuer",8.46268656716418,5.56716417910448,1.07462686567164,0.567164179104478,0.447761194029851,-1.11940298507463,67,1035000,-3.61194029850746,-0.358208955223881,8.01685878617917
"Mirza Teletovic",12.2151898734177,3.82278481012658,1.12658227848101,0.40506329113924,0.265822784810127,-1.06329113924051,79,5500000,-5.63291139240506,-0.443037974683544,9.84797169718713
"Cliff Alexander",1.25,0.75,0,0.125,0.25,-0.125,8,525093,-0.625,0,1.12122778116712
"Ed Davis",6.49382716049383,7.39506172839506,1.08641975308642,0.703703703703704,0.888888888888889,-0.790123456790123,81,7e+06,-1.61728395061728,-1.11111111111111,7.73657951971379
"Meyers Leonard",8.37704918032787,5.14754098360656,1.50819672131148,0.131147540983607,0.295081967213115,-1.26229508196721,61,3075880,-3.9344262295082,-0.180327868852459,7.70008079058257
"Noah Vonleh",3.62820512820513,3.91025641025641,0.384615384615385,0.346153846153846,0.333333333333333,-0.641025641025641,78,2637720,-2.06410256410256,-0.166666666666667,3.80182650226389
"Eric Moreland",1,1.375,0.125,0,0.5,-0.375,8,845059,-0.375,-0.25,1.21593886096867
"Quincy Acy",5.20338983050847,3.1864406779661,0.457627118644068,0.491525423728814,0.406779661016949,-0.457627118644068,59,981348,-1.61016949152542,-0.305084745762712,5.0586412711464
"Boris Diaw",6.38157894736842,3.06578947368421,2.31578947368421,0.342105263157895,0.276315789473684,-1.27631578947368,76,7e+06,-2.38157894736842,-0.263157894736842,5.88840615213166
"David West",7.1025641025641,3.96153846153846,1.83333333333333,0.564102564102564,0.705128205128205,-0.871794871794872,78,1499000,-2.61538461538462,-0.217948717948718,6.74898296160383
"LaMarcus Aldridge",17.9864864864865,8.54054054054054,1.48648648648649,0.513513513513513,1.09459459459459,-1.33783783783784,74,19500000,-6.87837837837838,-0.581081081081081,16.0859685267418
"Anthony Bennett",1.47368421052632,1.21052631578947,0,0.263157894736842,0,-0.210526315789474,19,947276,-1,-0.0526315789473684,1.33525087566746
"James Johnson",5.03508771929825,2.21052631578947,1.17543859649123,0.508771929824561,0.578947368421053,-0.947368421052632,57,2500000,-2.21052631578947,-0.508771929824561,4.39519828312545
"Luis Scola",8.73684210526316,4.73684210526316,0.868421052631579,0.605263157894737,0.355263157894737,-0.894736842105263,76,3e+06,-4.32894736842105,-0.302631578947368,7.688343500029
"Patrick Patterson",6.87341772151899,4.32911392405063,1.18987341772152,0.670886075949367,0.40506329113924,-0.822784810126582,79,6268675,-3.65822784810127,-0.0632911392405063,6.25051476987252
"Derrick Favors",16.3870967741935,8.11290322580645,1.51612903225806,1.19354838709677,1.46774193548387,-1.67741935483871,62,11933333,-6.33870967741935,-1.19354838709677,14.7594211870785
"Trevor Booker",5.86075949367089,5.72151898734177,1.06329113924051,0.746835443037975,0.518987341772152,-1.0253164556962,79,4775000,-2.50632911392405,-0.443037974683544,6.26666733093373
"Trey Lyles",6.1,3.7375,0.7375,0.325,0.225,-0.8125,80,2239800,-3.0625,-0.3125,5.50325718616054
"Drew Gooden",2.73333333333333,2.83333333333333,0.433333333333333,0.266666666666667,0.366666666666667,-0.433333333333333,30,3300000,-2.33333333333333,-0.166666666666667,2.57517083414261
"Jared Dudley",7.87654320987654,3.53086419753086,2.09876543209877,0.925925925925926,0.222222222222222,-0.987654320987654,81,4250000,-3.1358024691358,-0.320987654320988,7.07983619188312
"Markieff Morris",12.4074074074074,5.85185185185185,1.37037037037037,0.925925925925926,0.62962962962963,-1.66666666666667,27,8e+06,-5.66666666666667,-0.481481481481481,10.7571853414728
"Nene Hilario",9.21052631578947,4.54385964912281,1.70175438596491,0.947368421052632,0.456140350877193,-1.33333333333333,57,1.3e+07,-3.07017543859649,-1.36842105263158,8.50249134084515
"Kent Bazemore",11.6266666666667,5.05333333333333,2.28,1.30666666666667,0.506666666666667,-1.84,75,2e+06,-5.4,-0.373333333333333,9.78404236505849
"Thabo Sefolosha",6.4,4.45333333333333,1.42666666666667,1.13333333333333,0.493333333333333,-0.906666666666667,75,4e+06,-2.45333333333333,-0.493333333333333,6.01726732450803
"Coty Clarke",2,0.333333333333333,0,0,0,-0.333333333333333,3,61776,-0.666666666666667,0,1.57769327272139
"Jae Crowder",14.2191780821918,5.10958904109589,1.84931506849315,1.72602739726027,0.479452054794521,-1.13698630136986,73,6e+06,-6.20547945205479,-0.589041095890411,11.812922623356
"Bojan Bogdanovic",11.2278481012658,3.22784810126582,1.25316455696203,0.367088607594937,0.0632911392405063,-1.45569620253165,79,3425510,-5.37974683544304,-0.278481012658228,8.83639307492026
"Joe Johnson",11.7719298245614,3.92982456140351,4.07017543859649,0.701754385964912,0.0350877192982456,-2.03508771929825,57,24894863,-6.33333333333333,-0.280701754385965,9.53212298729457
"Rondae Hollis-Jefferson",5.75862068965517,5.31034482758621,1.48275862068966,1.3448275862069,0.551724137931034,-0.896551724137931,29,1335480,-2.58620689655172,-0.517241379310345,5.6274434650728
"Sergey Karasev",2.425,1.45,0.875,0.15,0.05,-0.55,40,1599840,-1.1,-0.05,2.18387620105385
"Doug McDermott",9.4320987654321,2.40740740740741,0.728395061728395,0.172839506172839,0.0740740740740741,-0.654320987654321,81,2380440,-4.35802469135802,-0.148148148148148,7.41108347586594
"Mike Dunleavy",7.16129032258065,2.67741935483871,1.25806451612903,0.451612903225806,0.32258064516129,-0.838709677419355,31,4500000,-3.58064516129032,-0.258064516129032,5.82165604905352
"Tony Snell",5.28125,3.109375,0.984375,0.25,0.265625,-0.8125,64,1535880,-3.328125,-0.046875,4.3131522834631
"Michael Kidd-Gilchrist",12.7142857142857,6.42857142857143,1.28571428571429,0.428571428571429,0.428571428571429,-1.14285714285714,7,6331404,-4,-1.28571428571429,11.4098957796423
"Nicolas Batum",14.9428571428571,6.11428571428571,5.75714285714286,0.928571428571429,0.614285714285714,-2.92857142857143,70,12235750,-7.15714285714286,-0.414285714285714,12.7506116614175
"Dahntay Jones",13,5,2,1,2,0,1,8819,-8,0,10.2302183695518
"James Jones",3.70833333333333,1.04166666666667,0.291666666666667,0.229166666666667,0.208333333333333,-0.270833333333333,48,1499000,-1.75,-0.104166666666667,2.93218721993896
"LeBron James",25.2631578947368,7.43421052631579,6.76315789473684,1.36842105263158,0.644736842105263,-3.27631578947368,76,22971000,-8.93421052631579,-1.73684210526316,21.6379709568201
"Richard Jefferson",5.54054054054054,1.72972972972973,0.797297297297297,0.445945945945946,0.189189189189189,-0.581081081081081,74,1499000,-2.28378378378378,-0.391891891891892,4.57010241636496
"Chandler Parsons",13.7213114754098,4.67213114754098,2.77049180327869,0.754098360655738,0.344262295081967,-1.55737704918033,61,15361500,-5.42622950819672,-0.704918032786885,11.5944710858595
"Jeremy Evans",2.36666666666667,1.8,0.0666666666666667,0.2,0.3,-0.233333333333333,30,1100602,-0.733333333333333,-0.2,2.25564049960897
"Justin Anderson",3.78181818181818,2.4,0.527272727272727,0.345454545454545,0.454545454545455,-0.436363636363636,55,1449000,-1.89090909090909,-0.2,3.29833655678619
"Axel Toupane",3.61904761904762,1.47619047619048,0.714285714285714,0.333333333333333,0.285714285714286,-0.285714285714286,21,123552,-2.14285714285714,-0.19047619047619,2.88320106629268
"Danilo Gallinari",19.5471698113208,5.30188679245283,2.54716981132075,0.792452830188679,0.358490566037736,-1.45283018867925,53,1.4e+07,-7.79245283018868,-1.07547169811321,16.0144633400659
"JaKarr Sampson",5.15384615384615,2.34615384615385,0.615384615384615,0.461538461538462,0.653846153846154,-0.730769230769231,26,285489,-2.34615384615385,-0.269230769230769,4.32763608717561
"Kostas Papanikolaou",2.57692307692308,1.53846153846154,0.615384615384615,0.5,0.192307692307692,-0.807692307692308,26,350000,-1.61538461538462,-0.192307692307692,2.10476715202522
"Mike Miller",1.34042553191489,1.12765957446809,0.851063829787234,0.276595744680851,0.0851063829787234,-0.361702127659574,47,1499187,-0.851063829787234,0,1.25991250659281
"Marcus Morris",14.1375,5.05,2.5125,0.8375,0.2875,-1.75,80,5e+06,-6.6875,-0.85,11.5434014880268
"Reggie Bullock",3.2972972972973,1.83783783783784,0.72972972972973,0.27027027027027,0.0540540540540541,-0.216216216216216,37,1252440,-1.48648648648649,-0.027027027027027,2.92623823881788
"Stanley Johnson",8.12328767123288,4.19178082191781,1.61643835616438,0.753424657534247,0.164383561643836,-1.56164383561644,73,2841960,-5.13698630136986,-0.301369863013699,6.47367794476655
"Andre Iguodala",7.03076923076923,4.04615384615385,3.36923076923077,1.12307692307692,0.292307692307692,-1.21538461538462,65,11710456,-2.95384615384615,-0.492307692307692,6.5597746891566
"Harrison Barnes",11.7272727272727,4.92424242424242,1.77272727272727,0.621212121212121,0.151515151515152,-0.863636363636364,66,3873398,-5.12121212121212,-0.484848484848485,9.91550128201953
"Corey Brewer",7.19512195121951,2.42682926829268,1.32926829268293,1.02439024390244,0.231707317073171,-0.951219512195122,82,8200000,-4.14634146341463,-0.426829268292683,5.60700216176602
"K.J. McDaniels",2.40540540540541,1.13513513513514,0.27027027027027,0.189189189189189,0.162162162162162,-0.459459459459459,37,3333333,-1.16216216216216,-0.162162162162162,1.98579478036556
"Michael Beasley",12.75,4.9,0.8,0.55,0.45,-1.2,20,306527,-4.9,-0.55,10.7126143046818
"Sam Dekker",0,0.333333333333333,0,0.333333333333333,0,0,3,1646400,0,0,0.0942883191234512
"Trevor Ariza",12.6543209876543,4.51851851851852,2.32098765432099,1.97530864197531,0.320987654320988,-1.39506172839506,81,8193030,-6.19753086419753,-0.432098765432099,10.3525775929718
"C.J. Miles",11.765625,2.734375,0.984375,0.828125,0.453125,-1.09375,64,4394225,-5.859375,-0.484375,9.03768609808956
"Chase Budinger",4.40816326530612,2.46938775510204,1,0.591836734693878,0.183673469387755,-0.63265306122449,49,5e+06,-2.30612244897959,-0.285714285714286,3.77501164033373
"Glenn Robinson",3.8,1.51111111111111,0.577777777777778,0.377777777777778,0.2,-0.4,45,845000,-1.91111111111111,-0.266666666666667,3.09897091370413
"Paul George",23.1358024691358,6.95061728395062,4.06172839506173,1.87654320987654,0.358024691358025,-3.2716049382716,81,17120106,-10.4197530864198,-0.91358024691358,18.7548810344031
"Solomon Hill",4.16949152542373,2.8135593220339,0.966101694915254,0.627118644067797,0.186440677966102,-0.559322033898305,59,1358880,-1.94915254237288,-0.101694915254237,3.78414744374488
"Jeff Green",10.8518518518519,3.37037037037037,1.48148148148148,0.666666666666667,0.777777777777778,-0.888888888888889,27,9200000,-5.66666666666667,-0.925925925925926,8.52842704243575
"Paul Pierce",6.13235294117647,2.73529411764706,1.04411764705882,0.485294117647059,0.25,-0.852941176470588,68,3400000,-3.72058823529412,-0.176470588235294,4.84613081551534
"Wesley Johnson",6.8625,3.1,0.6125,1.1125,0.7,-0.675,80,1100600,-3.8375,-0.2,5.52489456811084
"Anthony Brown",3.96551724137931,2.41379310344828,0.655172413793103,0.482758620689655,0.172413793103448,-0.517241379310345,29,7e+05,-3,-0.103448275862069,3.08532257695357
"Kobe Bryant",17.5909090909091,3.74242424242424,2.78787878787879,0.939393939393939,0.196969696969697,-1.95454545454545,66,2.5e+07,-10.8333333333333,-0.742424242424242,12.83814628097
"Metta World Peace",5.02857142857143,2.54285714285714,0.771428571428571,0.628571428571429,0.314285714285714,-0.428571428571429,35,1499187,-3.48571428571429,-0.485714285714286,3.90308306310563
"James Ennis",1.6,0.7,0.2,0.4,0.2,-0.2,10,845059,-0.9,-0.4,1.27813499007372
"Lance Stephenson",14.1923076923077,4.42307692307692,2.80769230769231,0.730769230769231,0.230769230769231,-1.76923076923077,26,9e+06,-6.23076923076923,-0.576923076923077,11.6521910992475
"Matt Barnes",9.97368421052632,5.52631578947368,2.14473684210526,1.02631578947368,0.75,-1.59210526315789,76,3542500,-5.64473684210526,-0.355263157894737,8.34708438628086
"P.J. Hairston",6.88888888888889,2.55555555555556,0.5,0.444444444444444,0.222222222222222,-0.944444444444444,18,1201440,-4.77777777777778,-0.333333333333333,4.9959062746313
"Justise Winslow",6.43589743589744,5.16666666666667,1.5,0.871794871794872,0.333333333333333,-1.21794871794872,78,2481720,-3.42307692307692,-0.474358974358974,5.84208624427351
"Damien Inglis",1.8,1.55,0.5,0.3,0.15,-0.55,20,855000,-1.2,-0.05,1.57199776655277
"Andrew Wiggins",20.679012345679,3.60493827160494,2.02469135802469,0.962962962962963,0.567901234567901,-2.24691358024691,81,5758680,-8.64197530864197,-1.66666666666667,16.1395981287723
"Damjan Rudez",2.27272727272727,0.606060606060606,0.333333333333333,0.0909090909090909,0.0303030303030303,-0.393939393939394,33,1149500,-1.12121212121212,0,1.77182714766883
"Shabazz Muhammad",10.5243902439024,3.25609756097561,0.634146341463415,0.292682926829268,0.0853658536585366,-0.853658536585366,82,2056920,-4.4390243902439,-0.695121951219512,8.50012321806607
"Tayshaun Prince",2.87012987012987,1.90909090909091,0.948051948051948,0.467532467532468,0.168831168831169,-0.350649350649351,77,1499187,-1.64935064935065,-0.0779220779220779,2.53743023364658
"Alonzo Gee",4.45205479452055,3.35616438356164,0.986301369863014,0.863013698630137,0.178082191780822,-0.753424657534247,73,1375000,-1.68493150684932,-0.301369863013699,4.24382523782942
"Dante Cunningham",6.05,2.95,0.9625,0.525,0.4125,-0.5125,80,3e+06,-2.825,-0.3125,5.16296005187715
"Jordan Hamilton",11.3636363636364,5.63636363636364,2.27272727272727,0.727272727272727,0.272727272727273,-1.54545454545455,11,119462,-6.09090909090909,-0.636363636363636,9.43172573253483
"Luke Babbitt",6.95744680851064,3.14893617021277,1.12765957446809,0.234042553191489,0.148936170212766,-0.48936170212766,47,1100000,-3.5531914893617,-0.234042553191489,5.76541823697497
"Carmelo Anthony",21.8472222222222,7.72222222222222,4.15277777777778,0.861111111111111,0.527777777777778,-2.44444444444444,72,22875000,-10.2777777777778,-0.958333333333333,17.9022360143035
"Cleanthony Early",1.82352941176471,1.52941176470588,0.352941176470588,0.117647058823529,0.176470588235294,-0.529411764705882,17,845059,-1.64705882352941,-0.0588235294117647,1.40098910111571
"Derrick Williams",9.325,3.7,0.9375,0.3625,0.1125,-0.7625,80,4900000,-3.8875,-0.775,7.79782375255535
"Thanasis Antetokounmpo",3,0.5,0,0,0,0,2,105888,-0.5,0,2.59216966012155
"Kevin Durant",28.1805555555556,8.18055555555556,5.01388888888889,0.958333333333333,1.18055555555556,-3.47222222222222,72,20158622,-9.48611111111111,-0.708333333333333,23.9486060790342
"Kyle Singler",3.39705882352941,2.07352941176471,0.352941176470588,0.441176470588235,0.132352941176471,-0.470588235294118,68,5e+06,-1.98529411764706,-0.220588235294118,2.81333292728901
"Evan Fournier",15.3544303797468,2.84810126582278,2.69620253164557,1.21518987341772,0.0253164556962025,-1.68354430379747,79,2288205,-6.32911392405063,-0.493670886075949,12.278701123318
"Mario Hezonja",6.05063291139241,2.22784810126582,1.37974683544304,0.493670886075949,0.215189873417722,-1.22784810126582,79,3741480,-3,-0.0632911392405063,4.92761563274374
"Jerami Grant",9.72727272727273,4.68831168831169,1.75324675324675,0.701298701298701,1.64935064935065,-1.42857142857143,77,845059,-4.51948051948052,-1.42857142857143,8.24742504113594
"Robert Covington",12.8059701492537,6.25373134328358,1.44776119402985,1.56716417910448,0.597014925373134,-2.13432835820896,67,1e+06,-6.53731343283582,-0.552238805970149,10.5604678182815
"Sonny Weems",2.42857142857143,1.71428571428571,0.285714285714286,0,0,-0.571428571428571,7,2800000,-2,-0.142857142857143,1.82763756423801
"P.J. Tucker",7.95121951219512,6.24390243902439,2.15853658536585,1.29268292682927,0.24390243902439,-1.35365853658537,82,5500000,-4.18292682926829,-0.439024390243902,7.27320875955424
"T.J. Warren",10.9574468085106,3.12765957446809,0.936170212765957,0.787234042553192,0.340425531914894,-0.680851063829787,47,2041080,-4.68085106382979,-0.404255319148936,8.86760762361773
"Al-Farouq Aminu",10.2317073170732,6.08536585365854,1.68292682926829,0.878048780487805,0.646341463414634,-1.46341463414634,82,7500000,-5.1219512195122,-0.5,8.82196271094081
"Maurice Harkless",6.38461538461539,3.58974358974359,0.858974358974359,0.628205128205128,0.448717948717949,-0.794871794871795,78,2894059,-2.76923076923077,-0.538461538461538,5.58466171798385
"Caron Butler",3.70588235294118,1.29411764705882,0.588235294117647,0.529411764705882,0.0588235294117647,-0.176470588235294,17,1499187,-2,-0.117647058823529,2.96497484067523
"Duje Dukan",6,4,1,1,0,0,1,525093,-8,0,3.61115506433804
"Omri Casspi",11.7826086956522,5.94202898550725,1.3768115942029,0.811594202898551,0.246376811594203,-1.36231884057971,69,3e+06,-4.68115942028986,-0.811594202898551,10.2532121373473
"Rudy Gay",17.2,6.51428571428571,1.71428571428571,1.42857142857143,0.728571428571429,-1.98571428571429,70,12403101,-7.72857142857143,-0.8,14.122999693681
"Kawhi Leonard",21.1527777777778,6.84722222222222,2.58333333333333,1.77777777777778,0.986111111111111,-1.45833333333333,72,16500000,-7.48611111111111,-0.583333333333333,17.9929674551938
"Kyle Anderson",4.48717948717949,3.12820512820513,1.57692307692308,0.769230769230769,0.371794871794872,-0.756410256410256,78,1142879,-2.01282051282051,-0.269230769230769,4.19477584936076
"Rasual Butler",2.69565217391304,1.21739130434783,0.521739130434783,0.282608695652174,0.5,-0.173913043478261,46,1499187,-1.19565217391304,-0.108695652173913,2.32933481399319
"Bruno Caboclo",0.5,0.333333333333333,0.166666666666667,0.333333333333333,0.166666666666667,-0.666666666666667,6,1524000,-1.83333333333333,0,-0.150181435997086
"DeMarre Carroll",11,4.69230769230769,1.03846153846154,1.69230769230769,0.230769230769231,-1.07692307692308,26,13500000,-6.34615384615385,-0.769230769230769,8.68778951562721
"Terrence Ross",9.86301369863014,2.53424657534247,0.767123287671233,0.73972602739726,0.342465753424658,-0.63013698630137,73,3553917,-4.87671232876712,-0.178082191780822,7.67565259708511
"Chris Johnson",2.92857142857143,1.88571428571429,0.642857142857143,0.457142857142857,0.285714285714286,-0.571428571428571,70,981348,-1.74285714285714,-0.114285714285714,2.48337773812096
"Gordon Hayward",19.725,4.9625,3.7,1.1875,0.3375,-2.525,80,15409570,-8.5125,-1.05,15.9245384448839
"J.J. O'Brien",0,0.5,0,0.5,0,0,2,105888,-0.5,0,-0.0361381936828492
"Joe Ingles",4.22222222222222,1.8641975308642,1.18518518518519,0.679012345679012,0.0493827160493827,-0.802469135802469,81,2250000,-2.06172839506173,-0.0617283950617284,3.57452863986496
"Garrett Temple",7.275,2.65,1.75,0.8625,0.225,-0.8,80,1100602,-3.8,-0.425,5.92516157765024
"Jarell Eddie",2.42307692307692,0.884615384615385,0.192307692307692,0.192307692307692,0.0384615384615385,-0.0384615384615385,26,561716,-1.73076923076923,0,1.77213932524733
"Kelly Oubre",3.74603174603175,2.11111111111111,0.206349206349206,0.349206349206349,0.111111111111111,-0.53968253968254,63,1920240,-1.92063492063492,-0.285714285714286,3.11754265261114
"Otto Porter",11.6133333333333,5.21333333333333,1.6,1.4,0.426666666666667,-0.933333333333333,75,4662960,-5.04,-0.413333333333333,9.92297636457814
"Kyle Korver",9.2375,3.25,2.05,0.75,0.4375,-1.225,80,5746479,-4.35,-0.1125,7.40298864663899
"Lamar Patterson",2.4,1.42857142857143,1.11428571428571,0.257142857142857,0.0571428571428571,-0.657142857142857,35,525093,-1.48571428571429,-0.171428571428571,1.94520801232183
"Tim Hardaway",6.3921568627451,1.68627450980392,1,0.411764705882353,0.137254901960784,-0.450980392156863,51,1304520,-2.96078431372549,-0.117647058823529,5.01645364420415
"Avery Bradley",15.1973684210526,2.89473684210526,2.07894736842105,1.53947368421053,0.25,-1.43421052631579,76,7730337,-7.40789473684211,-0.355263157894737,11.5593537334208
"Evan Turner",10.5432098765432,4.90123456790123,4.4320987654321,0.987654320987654,0.345679012345679,-2.08641975308642,81,3425510,-5.06172839506173,-0.382716049382716,8.88948939000703
"James Young",1,0.896551724137931,0.310344827586207,0.206896551724138,0.0344827586206897,-0.172413793103448,29,1749840,-0.862068965517241,-0.103448275862069,0.751251718956877
"R.J. Hunter",2.69444444444444,1.02777777777778,0.361111111111111,0.388888888888889,0.111111111111111,-0.305555555555556,36,1148640,-1.72222222222222,-0.0277777777777778,1.97439325644118
"Markel Brown",5.85483870967742,1.96774193548387,1.46774193548387,0.612903225806452,0.241935483870968,-0.870967741935484,62,845059,-3.14516129032258,-0.370967741935484,4.55334004822706
"Sean Kilpatrick",13.8260869565217,2.17391304347826,1.1304347826087,0.434782608695652,0.0869565217391304,-1.17391304347826,23,320594,-5.82608695652174,-0.260869565217391,10.6185591138561
"Wayne Ellington",7.71052631578947,2.28947368421053,1.09210526315789,0.631578947368421,0.0657894736842105,-0.592105263157895,76,1500000,-4.51315789473684,-0.118421052631579,5.72193988682923
"E'Twaun Moore",7.50847457627119,2.25423728813559,1.67796610169492,0.627118644067797,0.305084745762712,-0.898305084745763,59,1015421,-3.42372881355932,-0.220338983050847,6.01064844528952
"Jimmy Butler",20.8805970149254,5.34328358208955,4.7910447761194,1.64179104477612,0.641791044776119,-1.97014925373134,67,15260000,-8.43283582089552,-1.19402985074627,17.0329767628481
"Justin Holiday",6.51851851851852,2.33333333333333,1.66666666666667,0.703703703703704,0.555555555555556,-0.962962962962963,27,947300,-3.37037037037037,-0.185185185185185,5.15677968539451
"Aaron Harrison",0.857142857142857,0.714285714285714,0.0952380952380952,0.285714285714286,0,-0.19047619047619,21,525093,-0.666666666666667,-0.333333333333333,0.624281290836572
"Courtney Lee",8.92857142857143,3.10714285714286,2.14285714285714,1.17857142857143,0.428571428571429,-0.821428571428571,28,5675000,-4.35714285714286,-0.107142857142857,7.18128212791996
"Jeremy Lamb",8.78787878787879,3.81818181818182,1.16666666666667,0.636363636363636,0.454545454545455,-0.757575757575758,66,3034356,-4.24242424242424,-0.363636363636364,6.99991154571462
"Jeremy Lin",11.7179487179487,3.24358974358974,3.01282051282051,0.743589743589744,0.538461538461538,-1.92307692307692,78,2100000,-5.48717948717949,-0.692307692307692,9.28482937355951
"Troy Daniels",5.62790697674419,1.32558139534884,0.488372093023256,0.255813953488372,0.0697674418604651,-0.558139534883721,43,947276,-2.27906976744186,-0.0930232558139535,4.42131171719863
"Iman Shumpert",5.75925925925926,3.75925925925926,1.7037037037037,1,0.351851851851852,-1.05555555555556,54,9e+06,-3.53703703703704,-0.203703703703704,4.63118921403497
"J.R. Smith",12.4025974025974,2.81818181818182,1.68831168831169,1.05194805194805,0.272727272727273,-0.766233766233766,77,5e+06,-6.45454545454545,-0.337662337662338,9.38049382302456
"Wesley Matthews",12.525641025641,3.05128205128205,1.93589743589744,1,0.217948717948718,-1,78,16400000,-6.70512820512821,-0.256410256410256,9.45208322755314
"Gary Harris",12.2631578947368,2.89473684210526,1.93421052631579,1.27631578947368,0.236842105263158,-1.28947368421053,76,1587480,-5.34210526315789,-0.315789473684211,9.67584876383261
"Will Barton",14.3658536585366,5.80487804878049,2.47560975609756,0.865853658536585,0.475609756097561,-1.69512195121951,82,3333333,-6.80487804878049,-0.634146341463415,11.4702349572837
"Darrun Hilliard",4,1.18421052631579,0.710526315789474,0.236842105263158,0.0263157894736842,-0.5,38,525093,-2.07894736842105,-0.289473684210526,3.05924123614284
"Jodie Meeks",7.33333333333333,1.66666666666667,1,0,0,-0.333333333333333,3,6270000,-4.33333333333333,0,5.34577740298057
"Kentavious Caldwell-Pope",14.5394736842105,3.71052631578947,1.81578947368421,1.44736842105263,0.223684210526316,-1.38157894736842,76,2891760,-7.32894736842105,-0.565789473684211,11.0663160151032
"Brandon Rush",4.23611111111111,2.51388888888889,0.791666666666667,0.277777777777778,0.319444444444444,-0.458333333333333,72,1270964,-2.06944444444444,-0.138888888888889,3.49598708766572
"Ian Clark",3.57575757575758,1.03030303030303,0.96969696969697,0.257575757575758,0.196969696969697,-0.651515151515151,66,947276,-1.71212121212121,-0.0909090909090909,2.8331479622395
"Klay Thompson",22.1375,3.825,2.075,0.75,0.6125,-1.725,80,15500000,-9.1875,-0.35,17.1784173801465
"Leandro Barbosa",6.36764705882353,1.72058823529412,1.20588235294118,0.647058823529412,0.147058823529412,-0.779411764705882,68,2500000,-2.92647058823529,-0.147058823529412,5.02489611867357
"James Harden",28.9756097560976,6.10975609756098,7.46341463414634,1.69512195121951,0.621951219512195,-4.5609756097561,82,15756438,-11.0609756097561,-1.42682926829268,23.6177161334826
"Jason Terry",5.86111111111111,1.09722222222222,1.43055555555556,0.652777777777778,0.125,-0.680555555555556,72,1499187,-3.125,-0.0833333333333333,4.46185800499692
"Marcus Thornton",10.0425531914894,2.4468085106383,1.40425531914894,0.723404255319149,0.0638297872340425,-0.851063829787234,47,1186000,-5.5531914893617,-0.148936170212766,7.47813193519543
"Monta Ellis",13.8395061728395,3.34567901234568,4.72839506172839,1.85185185185185,0.45679012345679,-2.50617283950617,81,10300000,-7.22222222222222,-0.54320987654321,10.8588537556779
"Austin Rivers",8.85074626865672,1.94029850746269,1.47761194029851,0.716417910447761,0.134328358208955,-0.91044776119403,67,3100000,-4.32835820895522,-0.552238805970149,6.78566500563373
"C.J. Wilcox",3.04347826086957,0.521739130434783,0.434782608695652,0.434782608695652,0.0869565217391304,-0.0869565217391304,23,1159680,-1.73913043478261,-0.130434782608696,2.24102368097451
"J.J. Redick",16.3466666666667,1.85333333333333,1.41333333333333,0.56,0.0666666666666667,-1.04,75,6867000,-6.10666666666667,-0.306666666666667,12.7889219906563
"Jamal Crawford",14.1772151898734,1.83544303797468,2.31645569620253,0.658227848101266,0.151898734177215,-1.43037974683544,79,5675000,-7.08860759493671,-0.329113924050633,10.6157375151932
"Jordan Clarkson",15.506329113924,3.9620253164557,2.43037974683544,1.11392405063291,0.0886075949367089,-1.70886075949367,79,845059,-7.88607594936709,-0.506329113924051,11.8240336634097
"Lou Williams",15.3432835820896,2.52238805970149,2.49253731343284,0.925373134328358,0.283582089552239,-1.59701492537313,67,7e+06,-6.11940298507463,-1.07462686567164,12.1183873916716
"Nick Young",7.25925925925926,1.7962962962963,0.62962962962963,0.425925925925926,0.12962962962963,-0.555555555555556,54,5219169,-4.55555555555556,-0.240740740740741,5.14012578907875
"Jordan Adams",3.5,1,1.5,1.5,0,-1,2,1404600,-2,-1,2.7395535045302
"Tony Allen",8.359375,4.625,1.09375,1.71875,0.28125,-1.21875,64,5168539,-3.96875,-0.75,6.80740689615626
"Vince Carter",6.58333333333333,2.43333333333333,0.933333333333333,0.633333333333333,0.266666666666667,-0.583333333333333,60,4088091,-3.5,-0.233333333333333,5.07985956581671
"Xavier Munford",5.71428571428571,2.21428571428571,1.57142857142857,0.928571428571429,0.214285714285714,-1.07142857142857,14,89588,-3.21428571428571,-0.5,4.44577303977503
"Dwyane Wade",19.0405405405405,4.08108108108108,4.64864864864865,1.06756756756757,0.567567567567568,-2.74324324324324,74,2e+07,-8.68918918918919,-1.13513513513514,14.9818665938981
"Gerald Green",8.92753623188406,2.36231884057971,0.811594202898551,0.550724637681159,0.27536231884058,-0.666666666666667,69,1356000,-5.17391304347826,-0.289855072463768,6.51246904855553
"Josh Richardson",6.55769230769231,2.05769230769231,1.40384615384615,0.692307692307692,0.480769230769231,-0.673076923076923,52,525093,-2.86538461538462,-0.403846153846154,5.31165027598046
"Tyler Johnson",8.72222222222222,3.02777777777778,2.19444444444444,0.666666666666667,0.388888888888889,-1.30555555555556,36,845059,-3.47222222222222,-0.361111111111111,7.23882252289779
"Jared Cunningham",4,2.25,0.25,0.5,0,-0.75,4,57726,-2.5,-0.25,2.96255061695049
"Jerryd Bayless",10.4038461538462,2.71153846153846,3.13461538461538,0.903846153846154,0.211538461538462,-1.40384615384615,52,3e+06,-4.84615384615385,-0.384615384615385,8.35711992651336
"Khris Middleton",18.1518987341772,3.82278481012658,4.18987341772152,1.65822784810127,0.240506329113924,-2.27848101265823,79,1.5e+07,-8.0379746835443,-0.443037974683544,14.3976068468442
"O.J. Mayo",7.82926829268293,2.5609756097561,2.8780487804878,1.17073170731707,0.195121951219512,-1.75609756097561,41,8e+06,-4.92682926829268,-0.219512195121951,5.93995108439114
"Rashad Vaughn",3.1,1.25714285714286,0.557142857142857,0.414285714285714,0.228571428571429,-0.4,70,1733040,-2.64285714285714,-0.0428571428571429,2.05967699202775
"Kevin Martin",10.6410256410256,2.07692307692308,1.17948717948718,0.435897435897436,0.0256410256410256,-1.05128205128205,39,7085000,-5.33333333333333,-0.435897435897436,7.95643318785081
"Zach LaVine",14.0243902439024,2.78048780487805,3.0609756097561,0.841463414634146,0.207317073170732,-1.89024390243902,82,2148360,-6.41463414634146,-0.51219512195122,10.9540907849692
"Bryce Dejean-Jones",5.64285714285714,3.42857142857143,1.07142857142857,0.714285714285714,0.142857142857143,-0.785714285714286,14,281659,-2.92857142857143,-0.714285714285714,4.5855263649871
"Eric Gordon",15.2444444444444,2.2,2.68888888888889,0.955555555555556,0.311111111111111,-1.62222222222222,45,15514031,-7.13333333333333,-0.311111111111111,11.6685937455828
"Jimmer Fredette",0.5,0,0.25,0.25,0,-0.25,4,54812,-0.75,0,0.201344573500778
"Orlando Johnson",2,1.2,0.4,0.2,0,-0.6,5,55722,-2.6,-0.2,1.01823655689053
"Tyreke Evans",15.16,5.16,6.56,1.28,0.32,-2.92,25,11227000,-7.12,-0.76,12.5934533979927
"Arron Afflalo",12.8028169014085,3.74647887323944,2.02816901408451,0.352112676056338,0.140845070422535,-1.15492957746479,71,8e+06,-6.26760563380282,-0.295774647887324,9.93102318554171
"Sasha Vujacic",4.85245901639344,2.44262295081967,1.37704918032787,0.557377049180328,0.0819672131147541,-0.721311475409836,61,1356146,-2.80327868852459,-0.114754098360656,3.85482915213468
"Andre Roberson",4.81428571428571,3.58571428571429,0.671428571428571,0.757142857142857,0.6,-0.5,70,1210800,-1.97142857142857,-0.3,4.19798698086935
"Anthony Morrow",5.58823529411765,0.911764705882353,0.352941176470588,0.323529411764706,0.0735294117647059,-0.25,68,3344000,-2.89705882352941,-0.147058823529412,4.10774169239501
"Dion Waiters",9.76923076923077,2.58974358974359,1.97435897435897,1.03846153846154,0.192307692307692,-1.53846153846154,78,5138430,-5.43589743589744,-0.576923076923077,7.33230723431671
"Randy Foye",5.59259259259259,1.88888888888889,1.81481481481481,0.481481481481481,0.481481481481481,-1.03703703703704,27,3270000,-3.59259259259259,-0.185185185185185,4.19200853897359
"Devyn Marble",2.14285714285714,1.35714285714286,0.428571428571429,0.464285714285714,0.0357142857142857,-0.25,28,845059,-1.78571428571429,-0.5,1.51222065025932
"Victor Oladipo",16.0138888888889,4.79166666666667,3.91666666666667,1.61111111111111,0.75,-2.125,72,5192520,-7.56944444444444,-0.583333333333333,12.7681959709104
"Hollis Thompson",9.84415584415584,3.53246753246753,1.28571428571429,0.467532467532468,0.311688311688312,-0.987012987012987,77,947276,-5.32467532467532,-0.350649350649351,7.49299703479405
"Isaiah Canaan",10.987012987013,2.25974025974026,1.77922077922078,0.727272727272727,0.155844155844156,-1.18181818181818,77,947276,-6,-0.38961038961039,8.15798952079634
"Nik Stauskas",8.45205479452055,2.50684931506849,1.89041095890411,0.602739726027397,0.273972602739726,-1.28767123287671,73,2869440,-4.58904109589041,-0.36986301369863,6.45400225503633
"Brandon Knight",19.5769230769231,3.88461538461538,5.05769230769231,1.17307692307692,0.384615384615385,-3.40384615384615,52,1.2e+07,-10.0769230769231,-0.519230769230769,14.9488329060977
"Devin Booker",13.7894736842105,2.46052631578947,2.63157894736842,0.578947368421053,0.263157894736842,-2.10526315789474,76,2127840,-6.57894736842105,-0.539473684210526,10.5260012267562
"John Jenkins",4.95454545454545,1.59090909090909,1.18181818181818,0.227272727272727,0.0454545454545455,-0.727272727272727,22,981000,-2.18181818181818,-0.136363636363636,3.99903619776637
"Allen Crabbe",10.2716049382716,2.66666666666667,1.22222222222222,0.777777777777778,0.197530864197531,-0.790123456790123,81,947276,-4.53086419753086,-0.185185185185185,8.06665308632965
"C.J. McCollum",20.825,3.2375,4.2625,1.2125,0.2875,-2.45,80,2525160,-9.875,-0.4875,16.0002868850764
"Gerald Henderson",8.66666666666667,2.93055555555556,1.04166666666667,0.541666666666667,0.263888888888889,-0.944444444444444,72,6e+06,-4.125,-0.472222222222222,6.75389186586649
"Luis Montero",1.16666666666667,0.333333333333333,0.0833333333333333,0,0,-0.333333333333333,12,525093,-1.16666666666667,-0.0833333333333333,0.639791891024825
"Pat Connaughton",1.05882352941176,0.941176470588235,0.294117647058824,0.0588235294117647,0,-0.294117647058824,34,525093,-1.05882352941176,0,0.718572106813761
"Ben McLemore",7.80882352941176,2.17647058823529,1.16176470588235,0.764705882352941,0.147058823529412,-1.45588235294118,68,3156600,-3.82352941176471,-0.426470588235294,5.96728655442899
"James Anderson",3.50980392156863,1.68627450980392,0.803921568627451,0.411764705882353,0.274509803921569,-0.823529411764706,51,1015421,-2.17647058823529,-0.137254901960784,2.65757718443722
"Marco Belinelli",10.2352941176471,1.72058823529412,1.86764705882353,0.544117647058823,0.0294117647058824,-1.17647058823529,68,6333333,-5.73529411764706,-0.338235294117647,7.51387881050806
"Danny Green",7.24050632911392,3.83544303797468,1.78481012658228,1,0.810126582278481,-0.949367088607595,79,1e+07,-4.43037974683544,-0.151898734177215,5.67061936393553
"Jonathon Simmons",6.01818181818182,1.74545454545455,1.05454545454545,0.436363636363636,0.0909090909090909,-0.963636363636364,55,525093,-2.18181818181818,-0.418181818181818,4.9251863317366
"Manu Ginobili",9.56896551724138,2.51724137931034,3.05172413793103,1.13793103448276,0.189655172413793,-1.70689655172414,58,2814000,-4.10344827586207,-0.362068965517241,7.82035376285519
"Cory Joseph",8.4625,2.625,3.125,0.7875,0.25,-1.275,80,7e+06,-4.1,-0.5125,6.88799431826754
"DeMar DeRozan",23.4615384615385,4.47435897435897,4.03846153846154,1.03846153846154,0.269230769230769,-2.24358974358974,78,9500000,-9.78205128205128,-1.25641025641026,18.5183429028609
"Norman Powell",5.57142857142857,2.26530612244898,0.959183673469388,0.591836734693878,0.204081632653061,-0.653061224489796,49,650000,-2.69387755102041,-0.204081632653061,4.44345226023756
"Alec Burks",13.2903225806452,3.51612903225806,2.03225806451613,0.580645161290323,0.129032258064516,-1.64516129032258,31,9213484,-6.35483870967742,-1.12903225806452,10.2355468915994
"Elijah Millsap",1.8,1.75,0.95,0.35,0.15,-0.45,20,362878,-1.4,-0.25,1.4822913862183
"Rodney Hood",14.5443037974684,3.37974683544304,2.69620253164557,0.924050632911392,0.20253164556962,-1.58227848101266,79,1348440,-7.13924050632911,-0.354430379746835,11.2136249769544
"Alan Anderson",5,2.07692307692308,1.07692307692308,0.307692307692308,0.0769230769230769,-0.153846153846154,13,4e+06,-2.92307692307692,-0.307692307692308,3.87724639140849
"Bradley Beal",17.4181818181818,3.41818181818182,2.94545454545455,0.981818181818182,0.2,-2.03636363636364,55,5694674,-8,-0.745454545454545,13.458312218875
"Gary Neal",9.75,2.075,1.175,0.5,0.025,-0.725,40,2100000,-4.35,-0.2,7.56451827737089
"Dennis Schroder",10.9875,2.55,4.3625,0.875,0.1125,-2.2875,80,1763400,-5.65,-0.475,8.87468719254141
"Jeff Teague",15.6835443037975,2.70886075949367,5.94936708860759,1.22784810126582,0.30379746835443,-2.75949367088608,79,8e+06,-7.0126582278481,-0.645569620253165,12.8718917991045
"Kirk Hinrich",0.454545454545455,1.09090909090909,1.27272727272727,0.181818181818182,0.0909090909090909,-0.272727272727273,11,2870000,-0.818181818181818,0,0.610760525927087
"Isaiah Thomas",22.2317073170732,2.96341463414634,6.20731707317073,1.10975609756098,0.109756097560976,-2.68292682926829,82,6912869,-9.64634146341463,-0.853658536585366,17.704908953715
"Marcus Smart",9.14754098360656,4.18032786885246,3.0327868852459,1.49180327868852,0.295081967213115,-1.31147540983607,61,3431040,-5.65573770491803,-0.60655737704918,7.34367218788787
"Terry Rozier",1.84615384615385,1.61538461538462,0.948717948717949,0.153846153846154,0.0256410256410256,-0.487179487179487,39,1824360,-1.97435897435897,-0.0512820512820513,1.37402866360035
"Donald Sloan",6.95081967213115,2.83606557377049,4.39344262295082,0.524590163934426,0.0655737704918033,-1.31147540983607,61,1015421,-3.21311475409836,-0.426229508196721,6.40568184819501
"Jarrett Jack",12.84375,4.25,7.375,1.0625,0.21875,-2.9375,32,6300000,-6.8125,-0.375,11.1112213805623
"Shane Larkin",7.25641025641026,2.30769230769231,4.38461538461539,1.21794871794872,0.153846153846154,-1.87179487179487,78,1500000,-3.58974358974359,-0.307692307692308,6.42014536062601
"Aaron Brooks",7.11594202898551,1.46376811594203,2.60869565217391,0.434782608695652,0.144927536231884,-1.18840579710145,69,2e+06,-4.07246376811594,-0.217391304347826,5.53917072492902
"Derrick Rose",16.3636363636364,3.40909090909091,4.71212121212121,0.666666666666667,0.212121212121212,-2.65151515151515,66,20093063,-9.10606060606061,-0.560606060606061,12.4772842911177
"Jorge Gutierrez",1.83333333333333,0.583333333333333,1.41666666666667,0.25,0,-0.5,12,301444,-0.416666666666667,-0.0833333333333333,1.87479013467239
"Kemba Walker",20.8518518518519,4.40740740740741,5.19753086419753,1.55555555555556,0.481481481481481,-2.11111111111111,81,1.2e+07,-9.41975308641975,-0.827160493827161,16.6621105846121
"Jordan McRae",4.13333333333333,0.8,1,0,0.0666666666666667,-0.6,15,172972,-1.93333333333333,-0.266666666666667,3.21650553765252
"Kyrie Irving",19.6415094339623,2.9622641509434,4.69811320754717,1.05660377358491,0.339622641509434,-2.33962264150943,53,14746000,-9.15094339622642,-0.415094339622642,15.2847755552493
"Matthew Dellavedova",7.48684210526316,2.13157894736842,4.43421052631579,0.578947368421053,0.118421052631579,-1.52631578947368,76,1147280,-4,-0.118421052631579,6.46645030305043
"Mo Williams",8.24390243902439,1.75609756097561,2.39024390243902,0.341463414634146,0.121951219512195,-1.39024390243902,41,2100000,-4.14634146341463,-0.0975609756097561,6.45570799397027
"Deron Williams",14.1230769230769,2.92307692307692,5.81538461538462,0.938461538461538,0.215384615384615,-2.30769230769231,65,5500000,-6.98461538461538,-0.415384615384615,11.5733931070175
"Devin Harris",7.609375,2.15625,1.84375,0.9375,0.203125,-1.03125,64,4053000,-3.234375,-0.609375,6.21326400861878
"J.J. Barea",10.9189189189189,2.05405405405405,4.08108108108108,0.351351351351351,0.027027027027027,-1.52702702702703,74,4e+06,-5.32432432432432,-0.297297297297297,8.83545651296241
"Raymond Felton",9.5375,3.225,3.55,0.85,0.1875,-1.5125,80,3950313,-5.0625,-0.3375,7.81959899745648
"D.J. Augustin",11.6071428571429,1.85714285714286,4.71428571428571,0.892857142857143,0.0714285714285714,-1.92857142857143,28,3e+06,-4.53571428571429,-0.607142857142857,9.82622676740074
"Emmanuel Mudiay",12.8235294117647,3.41176470588235,5.47058823529412,0.955882352941177,0.514705882352941,-3.19117647058824,68,3102240,-8.47058823529412,-1.01470588235294,9.78717998361872
"Erick Green",0,0.333333333333333,0.333333333333333,0,0,0,3,1e+05,-0.333333333333333,0,0.0275701892316865
"Jameer Nelson",7.66666666666667,2.94871794871795,4.87179487179487,0.641025641025641,0.128205128205128,-1.69230769230769,39,4500000,-4.97435897435897,-0.128205128205128,6.51451623056216
"Reggie Jackson",18.8481012658228,3.20253164556962,6.22784810126582,0.746835443037975,0.139240506329114,-2.82278481012658,79,1.4e+07,-8.91139240506329,-0.582278481012658,15.0571957111287
"Spencer Dinwiddie",4.83333333333333,1.41666666666667,1.83333333333333,0.25,0,-0.583333333333333,12,845059,-2.91666666666667,-1.16666666666667,3.78637987567539
"Steve Blake",4.37931034482759,1.53448275862069,3.44827586206897,0.413793103448276,0.0862068965517241,-1.39655172413793,58,2170465,-2.53448275862069,-0.0689655172413793,3.93882873967413
"Shaun Livingston",6.25641025641026,2.16666666666667,3.03846153846154,0.730769230769231,0.346153846153846,-1,78,5543725,-2.25641025641026,-0.166666666666667,5.72638556697912
"Stephen Curry",30.0632911392405,5.44303797468354,6.67088607594937,2.13924050632911,0.189873417721519,-3.31645569620253,79,11370786,-10.0379746835443,-0.468354430379747,24.8954924870543
"Andrew Goudelock",2.75,0.25,0.5,0.75,0.25,-0.875,8,200600,-1.375,-0.125,2.0054647888387
"Patrick Beverley",9.85915492957746,3.52112676056338,3.36619718309859,1.32394366197183,0.366197183098592,-1.28169014084507,71,6500000,-4.73239436619718,-0.394366197183099,8.27139439029403
"Ty Lawson",5.83018867924528,1.67924528301887,3.39622641509434,0.811320754716981,0.113207547169811,-1.54716981132075,53,12404495,-3.32075471698113,-0.452830188679245,4.91621832247078
"George Hill",12.0810810810811,4.02702702702703,3.5,1.12162162162162,0.22972972972973,-1.36486486486486,74,8e+06,-5.58108108108108,-0.486486486486487,9.98856538166393
"Rodney Stuckey",8.91379310344828,2.68965517241379,2.44827586206897,0.741379310344828,0.137931034482759,-1.31034482758621,58,6500000,-4.48275862068965,-0.46551724137931,7.11032699830698
"Chris Paul",19.5405405405405,4.18918918918919,9.97297297297297,2.05405405405405,0.175675675675676,-2.62162162162162,74,21468696,-8.09459459459459,-0.459459459459459,17.2327895113637
"Pablo Prigioni",2.45762711864407,1.93220338983051,2.20338983050847,0.898305084745763,0.0169491525423729,-0.830508474576271,59,981348,-1.55932203389831,-0.0169491525423729,2.44858338798596
"D'Angelo Russell",13.175,3.425,3.325,1.1625,0.1625,-2.45,80,5103120,-7.05,-0.625,10.1285806897249
"Marcelo Huertas",4.47169811320755,1.69811320754717,3.43396226415094,0.490566037735849,0.132075471698113,-1.50943396226415,53,525093,-2.50943396226415,-0.0377358490566038,4.04476884922385
"Briante Weber",4.83333333333333,4,3.33333333333333,1.5,0.5,-1.5,6,30888,-4.16666666666667,-0.166666666666667,4.18730037621474
"Bryce Cotton",0.8,0,0,0,0,0,5,64622,0,0,0.693064913417739
"Elliot Williams",1.6,0.8,0.8,0,0,-0.2,5,55722,-1.6,-0.2,1.13514613120216
"Jordan Farmar",9.16666666666667,2.08333333333333,3.08333333333333,1.25,0.166666666666667,-1.5,12,191456,-4.83333333333333,0,7.29279693606787
"Mario Chalmers",10.8181818181818,2.6,3.83636363636364,1.45454545454545,0.218181818181818,-1.83636363636364,55,4300000,-4.36363636363636,-0.781818181818182,9.13212102083503
"Mike Conley",15.3035714285714,2.92857142857143,6.10714285714286,1.19642857142857,0.285714285714286,-1.5,56,9588426,-7.17857142857143,-0.678571428571429,12.7069322376028
"Ray McCallum",6.9,1.6,2.7,0.7,0.3,-1.3,10,111444,-5.1,-0.2,5.03535672087732
"Russ Smith",1.53333333333333,0.6,0.733333333333333,0.333333333333333,0.0666666666666667,-0.466666666666667,15,816482,-1,-0.333333333333333,1.22452766119958
"Beno Udrih",4.38888888888889,1.75,2.5,0.305555555555556,0,-1.16666666666667,36,2170465,-2.38888888888889,-0.0555555555555556,3.79966373827182
"Goran Dragic",14.1388888888889,3.84722222222222,5.81944444444444,0.986111111111111,0.236111111111111,-2.56944444444444,72,14780000,-6.36111111111111,-0.625,11.936144993881
"Giannis Antetokounmpo",16.875,7.65,4.3125,1.175,1.4125,-2.6,80,1953960,-6.25,-1.4125,14.5882541712264
"Greivis Vasquez",5.65217391304348,2.04347826086957,3.95652173913043,0.434782608695652,0,-1.73913043478261,23,6600000,-4.04347826086957,-0.173913043478261,4.68083146025132
"Michael Carter-Williams",11.537037037037,5.11111111111111,5.2037037037037,1.48148148148148,0.759259259259259,-2.83333333333333,54,2399040,-5.62962962962963,-1.03703703703704,9.98536783892364
"Tyler Ennis",4.47826086956522,1.6304347826087,2.06521739130435,0.543478260869565,0.0217391304347826,-1,46,1662360,-2.23913043478261,-0.195652173913043,3.8209282221931
"Andre Miller",3.38461538461538,0.923076923076923,2.23076923076923,0.346153846153846,0,-0.961538461538462,26,1499187,-0.846153846153846,-0.153846153846154,3.29225914493149
"Ricky Rubio",10.0789473684211,4.28947368421053,8.6578947368421,2.13157894736842,0.131578947368421,-2.53947368421053,76,12365000,-4.82894736842105,-0.631578947368421,9.87791486521838
"Tyus Jones",4.21621621621622,1.27027027027027,2.91891891891892,0.837837837837838,0.0810810810810811,-0.891891891891892,37,1282080,-2.7027027027027,-0.297297297297297,3.62303799365513
"Jrue Holiday",16.7538461538462,3,6.01538461538462,1.35384615384615,0.338461538461538,-2.56923076923077,65,10595507,-8.07692307692308,-0.523076923076923,13.5180332402228
"Nate Robinson",0,0,2,0.5,0,0,2,44000,-0.5,0,0.389133176198683
"Norris Cole",10.6,3.35555555555556,3.71111111111111,0.822222222222222,0.111111111111111,-1.66666666666667,45,3036927,-6.4,-0.288888888888889,8.30655028838536
"Tim Frazier",13.125,4.4375,7.5,1.4375,0.0625,-2.375,16,144157,-5.8125,-0.875,11.847611167784
"Toney Douglas",8.70491803278689,2.34426229508197,2.57377049180328,1.14754098360656,0.0819672131147541,-1.04918032786885,61,1164858,-4.29508196721311,-0.245901639344262,7.03054585158767
"Jerian Grant",5.60526315789474,1.88157894736842,2.32894736842105,0.657894736842105,0.131578947368421,-1.14473684210526,76,1572360,-3.11842105263158,-0.355263157894737,4.58165337760286
"Jose Calderon",7.55555555555556,3.18055555555556,4.15277777777778,0.875,0.0972222222222222,-1.20833333333333,72,7402812,-3.41666666666667,-0.0833333333333333,6.89308314133953
"Langston Galloway",7.6219512195122,3.51219512195122,2.52439024390244,0.939024390243902,0.268292682926829,-0.74390243902439,82,845059,-4.35365853658537,-0.341463414634146,6.28167887146353
"Cameron Payne",4.96491228070175,1.49122807017544,1.89473684210526,0.631578947368421,0.105263157894737,-0.771929824561403,57,2021520,-2.87719298245614,-0.087719298245614,3.97938399248855
"Russell Westbrook",23.475,7.825,10.425,2.0375,0.25,-4.275,80,16744218,-9.85,-1.35,20.5347608556214
"Brandon Jennings",7,2,4,0.72,0.2,-1.4,25,8344497,-4.08,-0.4,5.89036169109562
"C.J. Watson",4.3030303030303,2,2.66666666666667,0.575757575757576,0.151515151515152,-0.757575757575758,33,5e+06,-2.72727272727273,-0.151515151515152,3.75314362221516
"Elfrid Payton",10.6575342465753,3.57534246575342,6.41095890410959,1.21917808219178,0.273972602739726,-2.42465753424658,73,2505720,-5.64383561643836,-1.06849315068493,9.30716861994335
"Keith Appling",1.2,0.2,0.2,0.2,0,-0.6,5,161776,-1.2,0,0.638032706838925
"Shabazz Napier",3.69090909090909,1,1.76363636363636,0.418181818181818,0.0181818181818182,-0.836363636363636,55,1294440,-2.41818181818182,-0.218181818181818,2.89627292684565
"Ish Smith",14.66,4.26,6.96,1.28,0.36,-2.6,50,1100602,-8.8,-0.88,11.8969332396182
"Kendall Marshall",3.7,0.933333333333333,2.43333333333333,0.533333333333333,0.0666666666666667,-1.43333333333333,30,2144722,-2.5,-0.133333333333333,2.98491630218884
"Phil Pressey",3.92857142857143,1.64285714285714,3.28571428571429,0.785714285714286,0.0714285714285714,-1.35714285714286,14,172739,-2.42857142857143,-0.642857142857143,3.56710780237511
"T.J. McConnell",6.08641975308642,3.08641975308642,4.53086419753086,1.17283950617284,0.123456790123457,-1.72839506172839,81,525093,-3.03703703703704,-0.185185185185185,5.7958182262514
"Tony Wroten",8.375,2.625,2.5,0.375,0,-3.625,8,2179354,-5.375,-2.125,5.98080087164935
"Archie Goodwin",8.85964912280702,2.49122807017544,2.07017543859649,0.473684210526316,0.228070175438596,-1.75438596491228,57,1160160,-4.31578947368421,-1.10526315789474,6.90132859246005
"Eric Bledsoe",20.3870967741935,4.03225806451613,6.12903225806452,2.03225806451613,0.612903225806452,-3.54838709677419,31,13086957,-8.67741935483871,-1.09677419354839,16.5661186210041
"Lorenzo Brown",2.5,0.875,1.375,0.375,0.125,-1.125,8,111444,-2.125,-0.125,1.81189156315948
"Ronnie Price",5.33870967741935,1.59677419354839,2.37096774193548,1.19354838709677,0.209677419354839,-1.12903225806452,62,1499187,-3,-0.161290322580645,4.39445762252113
"Brian Roberts",2.85714285714286,0.571428571428571,0.761904761904762,0.142857142857143,0.0476190476190476,-0.333333333333333,21,2854940,-1.28571428571429,-0.0952380952380952,2.28409346355654
"Damian Lillard",25.0533333333333,4.02666666666667,6.82666666666667,0.866666666666667,0.373333333333333,-3.22666666666667,75,4236287,-11.4133333333333,-0.666666666666667,19.7976363296797
"Darren Collison",13.9864864864865,2.28378378378378,4.2972972972973,1.02702702702703,0.0540540540540541,-1.75675675675676,74,5013559,-5.39189189189189,-0.432432432432432,11.5728929142097
"Rajon Rondo",11.9305555555556,6.04166666666667,11.6527777777778,1.95833333333333,0.138888888888889,-3.86111111111111,72,9500000,-5.93055555555556,-0.875,12.0260046094461
"Seth Curry",6.79545454545455,1.36363636363636,1.52272727272727,0.5,0.0681818181818182,-0.818181818181818,44,947276,-2.77272727272727,-0.204545454545455,5.46330560873076
"Patrick Mills",8.51851851851852,1.95061728395062,2.79012345679012,0.728395061728395,0.0740740740740741,-0.938271604938272,81,3578947,-4.34567901234568,-0.135802469135802,6.8354143793583
"Tony Parker",11.9027777777778,2.44444444444444,5.26388888888889,0.75,0.152777777777778,-1.81944444444444,72,13437500,-5,-0.569444444444444,10.1721824198686
"Delon Wright",3.81481481481481,1.37037037037037,1.14814814814815,0.296296296296296,0.111111111111111,-0.592592592592593,27,1509360,-1.62962962962963,-0.333333333333333,3.20304761221935
"Kyle Lowry",21.2207792207792,4.74025974025974,6.41558441558442,2.05194805194805,0.441558441558442,-2.92207792207792,77,1.2e+07,-8.90909090909091,-1.20779220779221,17.4718330958264
"Raul Neto",5.87654320987654,1.48148148148148,2.14814814814815,0.765432098765432,0.0246913580246914,-1.34567901234568,81,1e+06,-2.93827160493827,-0.222222222222222,4.74919200843311
"Shelvin Mack",12.6785714285714,3.78571428571429,5.32142857142857,0.928571428571429,0.107142857142857,-2.89285714285714,28,2433333,-6.35714285714286,-0.464285714285714,10.4896640591079
"Trey Burke",10.609375,1.75,2.3125,0.546875,0.09375,-1.25,64,2658240,-5.8125,-0.234375,7.90705676973996
"John Wall",19.8831168831169,4.92207792207792,10.2467532467532,1.88311688311688,0.766233766233766,-4.12987012987013,77,15851950,-10.0909090909091,-0.935064935064935,16.8203474919613
"Ramon Sessions",9.87804878048781,2.47560975609756,2.91463414634146,0.560975609756098,0.0609756097560976,-1.40243902439024,82,2170465,-3.80487804878049,-0.841463414634146,8.2449027873738
